-- Add data into the Zoo table
INSERT INTO Zoo (zoo_id, name, location)
VALUES (53226, 'Milwaukee County Zoo', 'Milwaukee, WI'),
       (53227, 'San Francisco Zoo', 'San Francisco, CA'),
       (53228, 'Los Angeles Zoo', 'Los Angeles, CA'),
       (53229, 'Brookfield Zoo', 'Brookfield, IL'),
       (53230, 'Cincinnati Zoo', 'Cincinnati, OH'),
       (53231, 'Columbus Zoo', 'Columbus, OH'),
       (53232, 'Detroit Zoo', 'Royal Oak, MI'),
       (53233, 'Omaha Zoo', 'Omaha, NE'),
       (53234, 'Houston Zoo', 'Houston, TX'),
       (53235, 'Dallas Zoo', 'Dallas, TX');

-- Add data into the Habitat table
INSERT INTO	Habitat (habitat, temperature, humidity)
VALUES ('Savanna', 30, 60),
       ('Rainforest', 25, 80),
       ('Desert', 40, 20),
       ('Wetlands', 28, 70),
       ('Grassland', 35, 50),
       ('Tundra', -10, 30),
       ('Temperate Forest', 15, 60),
       ('Tropical Forest', 20, 90),
       ('Mountain', 10, 40),
       ('Coastal', 22, 75);

-- Add data into the Species table
INSERT INTO Species (species_name, food, habitat)
VALUES ('Lion', 'Meat', 'Savanna'),
       ('Elephant', 'Grass', 'Grassland'),
       ('Zebra', 'Grass', 'Savanna'),
       ('Giraffe', 'Leaves', 'Savanna'),
       ('Monkey', 'Fruits', 'Rainforest'),
       ('Cheetah', 'Meat', 'Savanna'),
       ('Tiger', 'Meat', 'Rainforest'),
       ('Bear', 'Fish', 'Wetlands'),
       ('Leopard', 'Meat', 'Rainforest'),
       ('Rhino', 'Grass', 'Grassland'),
       ('Snake', 'Rodents', 'Desert'),
       ('Parrot', 'Seeds', 'Rainforest'),
       ('Deer', 'Grass', 'Grassland'),
       ('Wolf', 'Meat', 'Temperate Forest'),
       ('Fox', 'Rodents', 'Temperate Forest'),
       ('Newt', 'Insects', 'Wetlands'),
       ('Goat', 'Grass', 'Mountain'),
       ('Bison', 'Grass', 'Grassland'),
       ('Kangaroo', 'Grass', 'Grassland'),
       ('Zebu', 'Grass', 'Savanna'),
       ('Macaw', 'Fruits', 'Rainforest'),
       ('Tapir', 'Fruits', 'Rainforest'),
       ('Penguin', 'Fish', 'Coastal'),
       ('Raccoon', 'Fruits', 'Temperate Forest'),
       ('Coyote', 'Meat', 'Desert'),
       ('Lynx', 'Meat', 'Temperate Forest'),
       ('Seal', 'Fish', 'Coastal'),
       ('Buffalo', 'Grass', 'Grassland'),
       ('Narwhal', 'Fish', 'Coastal'),
       ('Dolphin', 'Fish', 'Coastal'),
       ('Chinchilla', 'Seeds', 'Mountain'),
       ('Lemur', 'Fruits', 'Rainforest'),
       ('Otter', 'Fish', 'Wetlands'),
       ('Manatee', 'Plants', 'Wetlands'),
       ('Falcon', 'Birds', 'Mountain'),
       ('Raven', 'Insects', 'Mountain');

-- Add data into the Animal table
INSERT INTO Animal (animal_id, name, species_name, age, zoo_id, gender)
VALUES  (1, 'Leo', 'Lion', 5, 53226, 'Male'),
        (2, 'Ella', 'Elephant', 10, 53226, 'Female'),
        (3, 'Zara', 'Zebra', 4, 53226, 'Female'),
        (4, 'Gerry', 'Giraffe', 7, 53226, 'Male'),
        (5, 'Milo', 'Monkey', 3, 53226, 'Male'),
        (6, 'Coco', 'Cheetah', 6, 53226, 'Female'),
        (7, 'Tina', 'Tiger', 8, 53226, 'Female'),
        (8, 'Benny', 'Bear', 9, 53226, 'Male'),
        (9, 'Lola', 'Leopard', 2, 53226, 'Female'),
        (10, 'Roxy', 'Rhino', 11, 53226, 'Female'),
        (11, 'Sammy', 'Snake', 1, 53227, 'Male'),
        (12, 'Polly', 'Parrot', 4, 53227, 'Female'),
        (13, 'Daisy', 'Deer', 5, 53227, 'Female'),
        (14, 'Willy', 'Wolf', 6, 53227, 'Male'),
        (15, 'Fiona', 'Fox', 7, 53227, 'Female'),
        (16, 'Nina', 'Newt', 8, 53227, 'Female'),
        (17, 'Gary', 'Goat', 9, 53227, 'Male'),
        (18, 'Bobby', 'Bison', 10, 53227, 'Male'),
        (19, 'Kiki', 'Kangaroo', 11, 53227, 'Female'),
        (20, 'Zoe', 'Zebu', 12, 53227, 'Female'),
        (21, 'Max', 'Macaw', 13, 53228, 'Male'),
        (22, 'Teddy', 'Tapir', 14, 53228, 'Male'),
        (23, 'Penny', 'Penguin', 15, 53228, 'Female'),
        (24, 'Rita', 'Raccoon', 16, 53228, 'Female'),
        (25, 'Cathy', 'Coyote', 17, 53228, 'Female'),
        (26, 'Lenny', 'Lynx', 18, 53228, 'Male'),
        (27, 'Sandy', 'Seal', 19, 53228, 'Female'),
        (28, 'Bobby', 'Buffalo', 20, 53228, 'Male'),
        (29, 'Nemo', 'Narwhal', 21, 53228, 'Male'),
        (30, 'Dory', 'Dolphin', 22, 53228, 'Female'),
        (31, 'Charlie', 'Chinchilla', 23, 53229, 'Male'),
        (32, 'Bella', 'Bison', 24, 53229, 'Female'),
        (33, 'Rocky', 'Raccoon', 25, 53229, 'Male'),
        (34, 'Luna', 'Lemur', 26, 53229, 'Female'),
        (35, 'Oscar', 'Otter', 27, 53229, 'Male'),
        (36, 'Maggie', 'Manatee', 28, 53229, 'Female'),
        (37, 'Finn', 'Falcon', 29, 53229, 'Male'),
        (38, 'Ruby', 'Raven', 30, 53229, 'Female'),
        (39, 'Coco', 'Coyote', 31, 53229, 'Female'),
        (40, 'Zara', 'Zebra', 32, 53229, 'Female'),
        (41, 'Leo', 'Lion', 33, 53230, 'Male'),
        (42, 'Ella', 'Elephant', 34, 53230, 'Female'),
        (43, 'Gerry', 'Giraffe', 35, 53230, 'Male'),
        (44, 'Milo', 'Monkey', 36, 53230, 'Male'),
        (45, 'Tina', 'Tiger', 37, 53230, 'Female'),
        (46, 'Benny', 'Bear', 38, 53230, 'Male'),
        (47, 'Lola', 'Leopard', 39, 53230, 'Female'),
        (48, 'Roxy', 'Rhino', 40, 53230, 'Female'),
        (49, 'Sammy', 'Snake', 41, 53230, 'Male'),
        (50, 'Polly', 'Parrot', 42, 53230, 'Female'),
        (51, 'Daisy', 'Deer', 43, 53231, 'Female'),
        (52, 'Willy', 'Wolf', 44, 53231, 'Male'),
        (53, 'Fiona', 'Fox', 45, 53231, 'Female'),
        (54, 'Nina', 'Newt', 46, 53231, 'Female'),
        (55, 'Gary', 'Goat', 47, 53231, 'Male'),
        (56, 'Bobby', 'Bison', 48, 53231, 'Male'),
        (57, 'Kiki', 'Kangaroo', 49, 53231, 'Female'),
        (58, 'Zoe', 'Zebu', 50, 53231, 'Female'),
        (59, 'Max', 'Macaw', 51, 53232, 'Male'),
        (60, 'Teddy', 'Tapir', 52, 53232, 'Male'),
        (61, 'Penny', 'Penguin', 53, 53232, 'Female'),
        (62, 'Rita', 'Raccoon', 54, 53232, 'Female'),
        (63, 'Cathy', 'Coyote', 55, 53232, 'Female'),
        (64, 'Lenny', 'Lynx', 56, 53232, 'Male'),
        (65, 'Sandy', 'Seal', 57, 53232, 'Female'),
        (66, 'Bobby', 'Buffalo', 58, 53232, 'Male'),
        (67, 'Nemo', 'Narwhal', 59, 53232, 'Male'),
        (68, 'Dory', 'Dolphin', 60, 53232, 'Female'),
        (69, 'Charlie', 'Chinchilla', 61, 53233, 'Male'),
        (70, 'Bella', 'Bison', 62, 53233, 'Female'),
        (71, 'Rocky', 'Raccoon', 63, 53233, 'Male'),
        (72, 'Luna', 'Lemur', 64, 53233, 'Female'),
        (73, 'Oscar', 'Otter', 65, 53233, 'Male'),
        (74, 'Maggie', 'Manatee', 66, 53233, 'Female'),
        (75, 'Finn', 'Falcon', 67, 53233, 'Male'),
        (76, 'Ruby', 'Raven', 68, 53233, 'Female'),
        (77, 'Coco', 'Coyote', 69, 53233, 'Female'),
        (78, 'Zara', 'Zebra', 70, 53233, 'Female'),
        (79, 'Leo', 'Lion', 71, 53234, 'Male'),
        (80, 'Ella', 'Elephant', 72, 53234, 'Female'),
        (81, 'Gerry', 'Giraffe', 73, 53234, 'Male'),
        (82, 'Milo', 'Monkey', 74, 53234, 'Male'),
        (83, 'Tina', 'Tiger', 75, 53234, 'Female'),
        (84, 'Benny', 'Bear', 76, 53234, 'Male'),
        (85, 'Lola', 'Leopard', 77, 53234, 'Female'),
        (86, 'Roxy', 'Rhino', 78, 53234, 'Female'),
        (87, 'Sammy', 'Snake', 79, 53234, 'Male'),
        (88, 'Polly', 'Parrot', 80, 53234, 'Female'),
        (89, 'Daisy', 'Deer', 81, 53235, 'Female'),
        (90, 'Willy', 'Wolf', 82, 53235, 'Male'),
        (91, 'Fiona', 'Fox', 83, 53235, 'Female'),
        (92, 'Nina', 'Newt', 84, 53235, 'Female'),
        (93, 'Gary', 'Goat', 85, 53235, 'Male'),
        (94, 'Bobby', 'Bison', 86, 53235, 'Male'),
        (95, 'Kiki', 'Kangaroo', 87, 53235, 'Female'),
        (96, 'Zoe', 'Zebu', 88, 53235, 'Female'),
        (97, 'Max', 'Macaw', 89, 53235, 'Male'),
        (98, 'Teddy', 'Tapir', 90, 53235, 'Male'),
        (99, 'Penny', 'Penguin', 91, 53235, 'Female'),
        (100, 'Rita', 'Raccoon', 92, 53235, 'Female'),
        (101, 'Cathy', 'Coyote', 93, 53235, 'Female'),
        (102, 'Lenny', 'Lynx', 94, 53235, 'Male'),
        (103, 'Sandy', 'Seal', 95, 53235, 'Female'),
        (104, 'Bobby', 'Buffalo', 96, 53235, 'Male'),
        (105, 'Nemo', 'Narwhal', 97, 53235, 'Male'),
        (106, 'Dory', 'Dolphin', 98, 53235, 'Female');

-- Add data into the Employee table
INSERT INTO Employee (emp_id, zoo_id, first_name, last_name, job_title, job_description)
VALUES  (1, 53226, 'John', 'Doe', 'Zookeeper', 'Responsible for the care and feeding of animals.'),
        (2, 53226, 'Jane', 'Smith', 'Veterinarian', 'Provides medical care to animals.'),
        (3, 53227, 'Jim', 'Brown', 'Animal Trainer', 'Trains animals for shows and exhibits.'),
        (4, 53227, 'Jill', 'Johnson', 'Conservationist', 'Works on conservation projects for endangered species.'),
        (5, 53228, 'Jack', 'Williams', 'Educator', 'Teaches visitors about animals and conservation.'),
        (6, 53228, 'Jenny', 'Jones', 'Maintenance Worker', 'Maintains the zoo facilities and grounds.'),
        (7, 53229, 'Joe', 'Garcia', 'Security Guard', 'Ensures the safety of visitors and animals.'),
        (8, 53229, 'Jessica', 'Martinez', 'Gift Shop Manager', 'Manages the zoo gift shop and merchandise.'),
        (9, 53230, 'Jake', 'Hernandez', 'Marketing Coordinator', 'Promotes the zoo through marketing campaigns.'),
        (10, 53230, 'Julia', 'Lopez', 'Event Planner', 'Plans special events and programs at the zoo.'),
        (11, 53231, 'James', 'Gonzalez', 'Research Scientist', 'Conducts research on animal behavior and health.'),
        (12, 53231, 'Jasmine', 'Wilson', 'Volunteer Coordinator', 'Manages the zoo volunteer program.'),
        (13, 53232, 'Jordan', 'Anderson', 'Public Relations Specialist', 'Handles media inquiries and public relations.'),
        (14, 53232, 'Jade', 'Thomas', 'Fundraising Coordinator', 'Organizes fundraising events for the zoo.'),
        (15, 53233, 'Jared', 'Taylor', 'IT Specialist', 'Maintains the zoo’s computer systems and technology.'),
        (16, 53233, 'Jenna', 'Moore', 'Food Service Manager', 'Oversees food service operations at the zoo.'),
        (17, 53234, 'Jeff', 'Jackson', 'Education Coordinator', 'Develops educational programs for visitors.'),
        (18, 53234, 'Joyce', 'Martin', 'Animal Caretaker', 'Cares for the daily needs of animals in the zoo.'),
        (19, 53235, 'Jerry', 'Lee', 'Exhibit Designer', 'Designs and builds animal exhibits for the zoo.'),
        (20, 53235, 'Janet', 'Perez', 'Visitor Services Manager', 'Manages visitor services and guest relations.');

SELECT * FROM Zoo
SELECT * FROM Animal